Algorithm,Best Optimal Value,Time,Citys path
SAO,3827100.9510257114,11.023149600019678,[1518 1611 1607 ...   77 2154 1518]
